group,path,sha256,channels,duration_s,human_status,listener_id,device,channel_routing,playback_start_time,listened_interval_samples,completion_attestation,original_file_gain_unchanged,volume_changes,unexpected_clicks,unexpected_dropouts,unexpected_distortion,expected_intentional_fault_observed,speech_or_privacy_observation,subjective_notes,retest_status
main/wpe_predictable,codes/chapters/ch07/audio/wpe_predictable_target.wav,bb09d3e21ab93fd74cb9268cf227cd7688d178bfdda5e962ec2bf99fc2d848e0,1,2.0,not_run,,,,,,False,,,,,,,,,
main/wpe_predictable,codes/chapters/ch07/audio/wpe_predictable_reverberant.wav,a889db417ebaf9f79c7b0b287effbd41e5f2a48297d51992488a21388c1cc972,1,2.0,not_run,,,,,,False,,,,,,,,,
main/wpe_predictable,codes/chapters/ch07/audio/wpe_predictable_oracle_inverse.wav,bb09d3e21ab93fd74cb9268cf227cd7688d178bfdda5e962ec2bf99fc2d848e0,1,2.0,not_run,,,,,,False,,,,,,,,,
main/wpe_predictable,codes/chapters/ch07/audio/wpe_predictable_output.wav,5b7dea4579c518864e6dc8538aedf9f0189a65b2e8f2f98d74f5fedc604d45f6,1,2.0,not_run,,,,,,False,,,,,,,,,
main/css_overlap,codes/chapters/ch08/audio/css_overlap_reference.wav,e7b37d84a8dd4a52142f9659af50464effc0caa14c6180dea8c521ac02f47077,2,2.0,not_run,,,,,,False,,,,,,,,,
main/css_overlap,codes/chapters/ch08/audio/css_overlap_mixture.wav,b19907078c48d0bae11f14aaa20a5978129ccb9bd67f91d07e54f8f3813fa271,1,2.0,not_run,,,,,,False,,,,,,,,,
main/css_overlap,codes/chapters/ch08/audio/css_overlap_naive.wav,b10db3e1bbf9bfec7737d44653d881c2f940ec2577ae70d8e992c6b5363d628b,2,2.0,not_run,,,,,,False,,,,,,,,,
main/css_overlap,codes/chapters/ch08/audio/css_overlap_aligned.wav,91159ccd38b9b97ed6989d7ac45385ae670ef1ef5a9ecc873a81b9a5cb427e2c,2,2.0,not_run,,,,,,False,,,,,,,,,
main/agc_blocks,codes/chapters/ch10/audio/agc_blocks_input.wav,128928a94ff0c1271f56b0f1be2f562746606c23380fd9c1c31d54383ad5f229,1,2.0,not_run,,,,,,False,,,,,,,,,
main/agc_blocks,codes/chapters/ch10/audio/agc_blocks_10ms.wav,3cddbd54e40206a857c8af8cc75a397de41c2a7bdaf880b231591b6b0a5d35fc,1,2.0,not_run,,,,,,False,,,,,,,,,
main/agc_blocks,codes/chapters/ch10/audio/agc_blocks_100ms.wav,f3ff6d0e219149ca9bf0c8982604a90b73edd3cc9c8ca480f4cb501d41744613,1,2.0,not_run,,,,,,False,,,,,,,,,
main/agc_blocks,codes/chapters/ch10/audio/agc_blocks_100ms_wrong_alpha.wav,51dde4016c8ec403e794ee5dd580a83b5229f7682b5f30d82e34b4a3082e9d1e,1,2.0,not_run,,,,,,False,,,,,,,,,
main/selection_tradeoff,codes/chapters/ch11/audio/selection_clean.wav,ca81437e2a3bc4a13ccfa58eb0239b7e72b1efca48c690552d6e22e6736e0998,1,2.0,not_run,,,,,,False,,,,,,,,,
main/selection_tradeoff,codes/chapters/ch11/audio/selection_mixture.wav,88eec46300ab78b79b449c71005d52d43c6e253471417101bfbbd7441c541237,1,2.0,not_run,,,,,,False,,,,,,,,,
main/selection_tradeoff,codes/chapters/ch11/audio/selection_fir3.wav,56dcf27b0da3c8d4c1ec761fd2362a90e6f31c22206505be096e16ba5220463b,1,2.0,not_run,,,,,,False,,,,,,,,,
main/selection_tradeoff,codes/chapters/ch11/audio/selection_fir9.wav,885fbf30371345fee3a63b2df62c74e0765e5bffe02fbf49597a91249813e5c0,1,2.0,not_run,,,,,,False,,,,,,,,,
main/aec_dropout,codes/chapters/ch06/audio/aec_dropout_target.wav,a28e2df59d1c1bd5793e09ba9dccaced86c61f8bcb5d2aca28217669b5a4db8c,1,2.0,not_run,,,,,,False,,,,,,,,,
main/aec_dropout,codes/chapters/ch06/audio/aec_dropout_microphone.wav,99ad0026c70b13320653ca68097f152a754e14e54ba83f3f87879db5dc9415d2,1,2.0,not_run,,,,,,False,,,,,,,,,
main/aec_dropout,codes/chapters/ch06/audio/aec_dropout_complete_reference_residual.wav,a28e2df59d1c1bd5793e09ba9dccaced86c61f8bcb5d2aca28217669b5a4db8c,1,2.0,not_run,,,,,,False,,,,,,,,,
main/aec_dropout,codes/chapters/ch06/audio/aec_dropout_missing_reference_residual.wav,8feec889d38a791c66f6b168e2e765c0b9a9ee9ab2f9c3e8216b2c132ca99bae,1,2.0,not_run,,,,,,False,,,,,,,,,
main/gsc_gate,codes/chapters/ch05/audio/gsc_reference.wav,6ccabee9b87c17f358b523729aca9035d3d99bda5178d28beedd7b0d438c2bc9,1,2.0,not_run,,,,,,False,,,,,,,,,
main/gsc_gate,codes/chapters/ch05/audio/gsc_array.wav,92d0576b2800d151b2fa4a736cc1c5a321565caa3a210098ca603050a31df17c,2,2.0,not_run,,,,,,False,,,,,,,,,
main/gsc_gate,codes/chapters/ch05/audio/gsc_always_adapt.wav,c593cf7b3fa7e6f76e78131cf30a7768f25bdd3e07533117e0d7c57b40469288,1,2.0,not_run,,,,,,False,,,,,,,,,
main/gsc_gate,codes/chapters/ch05/audio/gsc_gate_frozen.wav,d18f288f898781e24db170c314dc879fbaa075225bc42d990ddff279c5b09982,1,2.0,not_run,,,,,,False,,,,,,,,,
main/doa_ambiguity,codes/chapters/ch04/audio/doa_ambiguity_tone.wav,c510a385dbf5100b56e37686c604fbe15a4bf3b53550a05ea6f464bbee2706ee,2,2.0,not_run,,,,,,False,,,,,,,,,
main/doa_ambiguity,codes/chapters/ch04/audio/doa_ambiguity_broadband.wav,60968cc77c8f96be1b6c5db95b4e004264446ef863b3166b0fbda8abd1a8df19,2,2.0,not_run,,,,,,False,,,,,,,,,
main/dma_calibration,codes/chapters/ch03/audio/dma_calibration_array.wav,4f1e7b3786e475a9115e7643ea28b028c4adca13de26cb3c724c410196e100dd,2,2.0,not_run,,,,,,False,,,,,,,,,
main/dma_calibration,codes/chapters/ch03/audio/dma_calibration_target.wav,cdda1c5936006ebde7affd4d463bee5b28c8500260e4e66296f3b66a1159c8af,1,2.0,not_run,,,,,,False,,,,,,,,,
main/dma_calibration,codes/chapters/ch03/audio/dma_calibration_mismatch.wav,d294ad9ced5f2bcabd751dc8878b8119f2ed4a51ce6c548b0260eb96d17cd29a,1,2.0,not_run,,,,,,False,,,,,,,,,
main/dma_calibration,codes/chapters/ch03/audio/dma_calibration_corrected.wav,cdda1c5936006ebde7affd4d463bee5b28c8500260e4e66296f3b66a1159c8af,1,2.0,not_run,,,,,,False,,,,,,,,,
main/room_decay,codes/chapters/ch07/audio/room_decay_dry.wav,b7e2c6345a9cbb5abd98f17db4bd50a4a42a77177ab998b0a0ed31df3081f114,1,2.5,not_run,,,,,,False,,,,,,,,,
main/room_decay,codes/chapters/ch07/audio/room_decay_short_drr0.wav,8748b7d697cb42de1a35220232542e155d27926326e8076f7a2260ea18c69dea,1,2.5,not_run,,,,,,False,,,,,,,,,
main/room_decay,codes/chapters/ch07/audio/room_decay_long_drr0.wav,5843f5d049b0e814df226e3233724e92790225629c952873a370035653f8d662,1,2.5,not_run,,,,,,False,,,,,,,,,
main/room_decay,codes/chapters/ch07/audio/room_decay_long_drr6.wav,35f79acf3ded59321de308c76aceaa75665ca2a29138a9d3f3c990214b01d0f1,1,2.5,not_run,,,,,,False,,,,,,,,,
main/alignment_error,codes/chapters/ch02/audio/alignment_reference.wav,9f0774e8676a669124d9b80e776262ef97c42fedfc2b8fa1e74ddc2589406136,1,2.0,not_run,,,,,,False,,,,,,,,,
main/alignment_error,codes/chapters/ch02/audio/alignment_array.wav,feccd549bedc76f43e3270803144c6514bd1ba4dc94431e5c3e05118ceb80036,2,2.0,not_run,,,,,,False,,,,,,,,,
main/alignment_error,codes/chapters/ch02/audio/alignment_unaligned.wav,37ef36f08781a1f823739b89e1aa6f63d672bb5ce737429ddd3419da309f6094,1,2.0,not_run,,,,,,False,,,,,,,,,
main/alignment_error,codes/chapters/ch02/audio/alignment_aligned.wav,9f0774e8676a669124d9b80e776262ef97c42fedfc2b8fa1e74ddc2589406136,1,2.0,not_run,,,,,,False,,,,,,,,,
main/interpolation,codes/chapters/ch02/audio/interpolation_ideal_half.wav,b7f00ce83904e20ff0a528ab614d65335b3f1fe4634808fa25ef91311be78573,1,2.0,not_run,,,,,,False,,,,,,,,,
main/interpolation,codes/chapters/ch02/audio/interpolation_linear_half.wav,fd4806bd8f0e22b8c2fa713a879cb12470e04cb1f7baf9053107d22cef350ff9,1,2.0,not_run,,,,,,False,,,,,,,,,
main/interpolation,codes/chapters/ch02/audio/interpolation_ideal_one.wav,8710810b0ec64501b37cf0e57963c8758f724555c429d075e4b1934bf720cfd2,1,2.0,not_run,,,,,,False,,,,,,,,,
main/interpolation,codes/chapters/ch02/audio/interpolation_linear_twice.wav,c0acaf861371669f580a72999055e7e8d7209e64cb5a9b092021510930e0ace4,1,2.0,not_run,,,,,,False,,,,,,,,,
main/clock_drift,codes/chapters/ch10/audio/clock_reference.wav,fd61dec9d3a815e57ae15e2435325848641ceb5c37ba5cddae46cdf5f2ed060b,1,8.0,not_run,,,,,,False,,,,,,,,,
main/clock_drift,codes/chapters/ch10/audio/clock_array.wav,19753848ccd2b79605577e772745cbcaf7b22e1b0e7b8f5fbd871fcb7ad3b47a,2,8.0,not_run,,,,,,False,,,,,,,,,
main/clock_drift,codes/chapters/ch10/audio/clock_index_mean.wav,2eb73f9cf15e8709edac5040b2255d5749f89fa5bf7428421cc13cd16df86738,1,8.0,not_run,,,,,,False,,,,,,,,,
main/clock_drift,codes/chapters/ch10/audio/clock_oracle_mean.wav,fd61dec9d3a815e57ae15e2435325848641ceb5c37ba5cddae46cdf5f2ed060b,1,8.0,not_run,,,,,,False,,,,,,,,,
main/spatial,codes/chapters/ch01/audio/spatial_reference.wav,c14777eadb3b479b6ca7c0efbcc4b565020c474c104aaae28ff78e57541a30bf,1,2.0,not_run,,,,,,False,,,,,,,,,
main/spatial,codes/chapters/ch01/audio/spatial_array.wav,e19db2716920a477f14991616f2203c02f48ed9ab9dd84b9384d21cf90024fa9,2,2.0,not_run,,,,,,False,,,,,,,,,
main/spatial,codes/chapters/ch01/audio/spatial_mic1.wav,ea036f9b92e265e44e60b6ec74fccee46fc2993cb1d880f8b26878c8e4f355cc,1,2.0,not_run,,,,,,False,,,,,,,,,
main/spatial,codes/chapters/ch01/audio/spatial_unaligned.wav,268462dce903f93a39ad2f66cf7dd3a2e8d91b095c9419feab0e008a795d126e,1,2.0,not_run,,,,,,False,,,,,,,,,
main/spatial,codes/chapters/ch01/audio/spatial_aligned.wav,9a65aa858c1c52f6ff7c823f7a94c341704635f20111710841ab0bba00ce546e,1,2.0,not_run,,,,,,False,,,,,,,,,
main/fractional_array,codes/chapters/ch04/audio/fractional_reference.wav,d937940571cbe07e08d3ed3fd6cb7b58579d0df2f789becddf4a080f3a47cd29,1,2.0,not_run,,,,,,False,,,,,,,,,
main/fractional_array,codes/chapters/ch04/audio/fractional_array.wav,462a4fb54cc196749d46e6ee92da0f0585973a27b55311671cd13b223443b960,4,2.0,not_run,,,,,,False,,,,,,,,,
main/fractional_array,codes/chapters/ch04/audio/fractional_unaligned.wav,ad8f8ea4e1b3d56b65b355a27e00ade78fb6799b57fe931ae88be3029bb773a4,1,2.0,not_run,,,,,,False,,,,,,,,,
main/fractional_array,codes/chapters/ch04/audio/fractional_aligned.wav,21fcb5d26fdbc19bc15e41881bac33e7d64556e9470eb60f78e9c872a8c28029,1,2.0,not_run,,,,,,False,,,,,,,,,
main/aec,codes/chapters/ch06/audio/aec_far.wav,e4e5cd0e98f709fb326feae82157d08c60e422178ce6089f85c6f3442082cfca,1,2.0,not_run,,,,,,False,,,,,,,,,
main/aec,codes/chapters/ch06/audio/aec_near.wav,3325c8296ad9c1c1316bba7250c895ee52eb098d07385681a1b380516681a1fb,1,2.0,not_run,,,,,,False,,,,,,,,,
main/aec,codes/chapters/ch06/audio/aec_microphone.wav,772befe7256b195c486d34a80c23a5377304680bba135261679506cba6c218d6,1,2.0,not_run,,,,,,False,,,,,,,,,
main/aec,codes/chapters/ch06/audio/aec_frozen.wav,48533f6dfc8cd4450f70b23778f51703b1824361a46278dc3c66127e2d904498,1,2.0,not_run,,,,,,False,,,,,,,,,
main/aec,codes/chapters/ch06/audio/aec_unfrozen.wav,8f1dc25fa95676a2e6192b0457e2edf9e41943a8b26f9a49cc895f7450396dae,1,2.0,not_run,,,,,,False,,,,,,,,,
main/aec_methods,codes/chapters/ch06/audio/aec_methods_reference.wav,9cb3aec38d69928fff21fbba39884ed5ee28a9e7016c80f64659aed06ceef37e,1,0.75,not_run,,,,,,False,,,,,,,,,
main/aec_methods,codes/chapters/ch06/audio/aec_methods_true_echo.wav,b7cdac9b5585f4044787b7cf00ac681392a209f0afc1f9baaa6e71f93cffe772,1,0.75,not_run,,,,,,False,,,,,,,,,
main/aec_methods,codes/chapters/ch06/audio/aec_methods_microphone.wav,38364e987bfae278f7fc348e84b25acdb152bbdf9d6dc8d76840ae24cbf61665,1,0.75,not_run,,,,,,False,,,,,,,,,
main/aec_methods,codes/chapters/ch06/audio/aec_methods_nlms_residual.wav,4e7b648b98dcba0fce7c8832140e8f72fdd89e14fd4a3cea328359f2befeb436,1,0.75,not_run,,,,,,False,,,,,,,,,
main/aec_methods,codes/chapters/ch06/audio/aec_methods_ipnlms_residual.wav,17cbc89058cd4e0a89c60e7d6a3c7d40422856b3e009df7d07265fa4a32ac4aa,1,0.75,not_run,,,,,,False,,,,,,,,,
main/aec_methods,codes/chapters/ch06/audio/aec_methods_rls_residual.wav,b764496e5e482afe7cf35b53f075c0abb3c8c2ef981e6d754526aacdf756983d,1,0.75,not_run,,,,,,False,,,,,,,,,
main/aec_methods,codes/chapters/ch06/audio/aec_methods_kalman_residual.wav,15c42c15a18fc0af34e9ef008e311b9607d7bac67c55e0bf9971bf3510d0be5d,1,0.75,not_run,,,,,,False,,,,,,,,,
main/aec_subband,codes/chapters/ch06/audio/aec_subband_reference.wav,7b795598f7bde6b3d5c0e80fbf7486dcf2904e466d4a1a878f06b9cc260453bf,1,0.5,not_run,,,,,,False,,,,,,,,,
main/aec_subband,codes/chapters/ch06/audio/aec_subband_true_echo.wav,5fe55a3f60d40211205ac4f53294d8faebfec17519c84cc2ca6c71bdce22ff8c,1,0.5,not_run,,,,,,False,,,,,,,,,
main/aec_subband,codes/chapters/ch06/audio/aec_subband_diagonal_model.wav,3525907e0e7577d93fc313dc11a8660cda31eb950cdf4fb870c809dea337b6ac,1,0.5,not_run,,,,,,False,,,,,,,,,
main/aec_subband,codes/chapters/ch06/audio/aec_subband_missing_cross_terms.wav,40897609a1de56367034f61751f3967579b28f8495f9e7eeb9326969ecd05e68,1,0.5,not_run,,,,,,False,,,,,,,,,
main/wpe,codes/chapters/ch07/audio/wpe_dry.wav,0cf676582d7c2d334989f22a4a590e519e4504d7a5174b0c186db06356a38c33,1,2.25,not_run,,,,,,False,,,,,,,,,
main/wpe,codes/chapters/ch07/audio/wpe_reverberant.wav,1e65aa160ce7a78fb2d08d7f6088b44d122e28cce0fc08b3abbc23ee3ba278d9,1,2.25,not_run,,,,,,False,,,,,,,,,
main/wpe,codes/chapters/ch07/audio/wpe_output.wav,10af3721ae304f059636917408baafa6e92cc29973c71997b393853bace861ca,1,2.25,not_run,,,,,,False,,,,,,,,,
main/separation,codes/chapters/ch08/audio/separation_source1.wav,c70d7b31a1dcdd7cd763fb65e204d959818db754bf505c8d1d4fbaacdbb1a0e6,1,2.0,not_run,,,,,,False,,,,,,,,,
main/separation,codes/chapters/ch08/audio/separation_source2.wav,c953867587af849720850b913c4256c7b1b8aeb5cc65731b1eaf2ae545e4bd68,1,2.0,not_run,,,,,,False,,,,,,,,,
main/separation,codes/chapters/ch08/audio/separation_mixture.wav,4b2a934040f6cbe4c840c51602a9fc79000a9b806a0852056ea6db5b6952ec82,2,2.0,not_run,,,,,,False,,,,,,,,,
main/separation,codes/chapters/ch08/audio/separation_recovered1.wav,c70d7b31a1dcdd7cd763fb65e204d959818db754bf505c8d1d4fbaacdbb1a0e6,1,2.0,not_run,,,,,,False,,,,,,,,,
main/separation,codes/chapters/ch08/audio/separation_recovered2.wav,c953867587af849720850b913c4256c7b1b8aeb5cc65731b1eaf2ae545e4bd68,1,2.0,not_run,,,,,,False,,,,,,,,,
main/engineering,codes/chapters/ch10/audio/engineering_reference.wav,c70d7b31a1dcdd7cd763fb65e204d959818db754bf505c8d1d4fbaacdbb1a0e6,1,2.0,not_run,,,,,,False,,,,,,,,,
main/engineering,codes/chapters/ch10/audio/engineering_clipped.wav,9423a70418fa10c2ba59bd1b93d6e2569ac1a53c7e8f204ba8d951323c7e60c7,1,2.0,not_run,,,,,,False,,,,,,,,,
main/engineering,codes/chapters/ch10/audio/engineering_low_level.wav,918b039b029a99248c346892c7695f2af772ada9d1488cd94003facc85ea0fd9,1,2.0,not_run,,,,,,False,,,,,,,,,
main/engineering,codes/chapters/ch10/audio/engineering_dropout.wav,53941ea22e3d79a05fb89765bffec908d768ff8eb7b9bb1be77b9db4a9da036c,1,2.0,not_run,,,,,,False,,,,,,,,,
main/tracking,codes/chapters/ch09/audio/tracking_pan.wav,6eaf9c264793b19ac2d4796177c75c7a378e31657f13725ee96e7f38126b5522,2,2.0,not_run,,,,,,False,,,,,,,,,
main/correlation,codes/chapters/ch05/audio/correlation_reference.wav,c70d7b31a1dcdd7cd763fb65e204d959818db754bf505c8d1d4fbaacdbb1a0e6,1,2.0,not_run,,,,,,False,,,,,,,,,
main/correlation,codes/chapters/ch05/audio/correlation_single.wav,277a806531c1156217dacd3b5c22c4546bd2441b8a468078a9ed09d62dd63e18,1,2.0,not_run,,,,,,False,,,,,,,,,
main/correlation,codes/chapters/ch05/audio/correlation_independent.wav,edf597ab17b57dc343530b8d71cc1cadd58c5642f7478f227cc09400bb638d04,1,2.0,not_run,,,,,,False,,,,,,,,,
main/correlation,codes/chapters/ch05/audio/correlation_common.wav,277a806531c1156217dacd3b5c22c4546bd2441b8a468078a9ed09d62dd63e18,1,2.0,not_run,,,,,,False,,,,,,,,,
main/polarity,codes/chapters/ch03/audio/polarity_reference.wav,c70d7b31a1dcdd7cd763fb65e204d959818db754bf505c8d1d4fbaacdbb1a0e6,1,2.0,not_run,,,,,,False,,,,,,,,,
main/polarity,codes/chapters/ch03/audio/polarity_array.wav,f3e63a6f2f0cec46ff5d7c6b1cad161bb3e59080f152ecc40aa80221f01ffe0f,2,2.0,not_run,,,,,,False,,,,,,,,,
main/polarity,codes/chapters/ch03/audio/polarity_uncorrected.wav,4f315eb577f980d964487fc80a8ecdb43f0b3f248191de46d51c5c0bf0cc1c9c,1,2.0,not_run,,,,,,False,,,,,,,,,
main/polarity,codes/chapters/ch03/audio/polarity_corrected.wav,a05b5fedb4abede5f99999883f0295a73157c96377fee0af42e5432456fe1916,1,2.0,not_run,,,,,,False,,,,,,,,,
main/conditioning,codes/chapters/appendix_a/audio/conditioning_reference.wav,504283e9b1b5c0d846d7d9af850d2fbfb77a2876086162e275277a7ec34550ff,2,2.0,not_run,,,,,,False,,,,,,,,,
main/conditioning,codes/chapters/appendix_a/audio/conditioning_well_input.wav,db182681816db5df84abb8fa1f3516d4e08ac84d504fdc82f164831c4ea0051b,2,2.0,not_run,,,,,,False,,,,,,,,,
main/conditioning,codes/chapters/appendix_a/audio/conditioning_ill_input.wav,1fb3e0bd29fef79c96d0866fd6bb1a58de10c0e4bd18263ae29a2063bb792090,2,2.0,not_run,,,,,,False,,,,,,,,,
main/conditioning,codes/chapters/appendix_a/audio/conditioning_well_output.wav,598364bc89b3037a1c541dd246097bb126471574a9c52719c77a2d69b2b51bf1,2,2.0,not_run,,,,,,False,,,,,,,,,
main/conditioning,codes/chapters/appendix_a/audio/conditioning_ill_output.wav,d6899d6c5d837464fb965187ceb9ee629a1a58861ae680ed7955d965fd96f172,2,2.0,not_run,,,,,,False,,,,,,,,,
main/nonlinear,codes/chapters/ch06/audio/nonlinear_reference.wav,ad640a128dcf593108915ce6e871382fe2efc6dc8f720ae838553f7f46c0e4bc,1,2.0,not_run,,,,,,False,,,,,,,,,
main/nonlinear,codes/chapters/ch06/audio/nonlinear_echo.wav,74897dc3f77bc889bba1557956e953b0f3ec3bc29d73d39b3456f8ef9d43bbbf,1,2.0,not_run,,,,,,False,,,,,,,,,
main/nonlinear,codes/chapters/ch06/audio/nonlinear_estimate.wav,edb533f7cdf92093ee518cee37255ff6ff9b69eb1178e41fb36a3e11ca04ba8a,1,2.0,not_run,,,,,,False,,,,,,,,,
main/nonlinear,codes/chapters/ch06/audio/nonlinear_residual.wav,80a87dabc9305d3b8b82265477c6774f86ae84a2645d7d1047f010450cc0d17f,1,2.0,not_run,,,,,,False,,,,,,,,,
main/spectral_subtraction,codes/chapters/ch10/audio/spectral_clean.wav,f9f51630432b3b75c3625a23ab65bf5b31f53aa6ffc58f9369832513f36f61bd,1,2.0,not_run,,,,,,False,,,,,,,,,
main/spectral_subtraction,codes/chapters/ch10/audio/spectral_noise.wav,2ce55cae9f201acc2f61489e151df70aaaed1f4a3534153f52090dbf9d4c13b9,1,2.0,not_run,,,,,,False,,,,,,,,,
main/spectral_subtraction,codes/chapters/ch10/audio/spectral_noisy.wav,5409f52f9629a73e6eb584006919a00daece92d63d267e33fa52a668128fa9ed,1,2.0,not_run,,,,,,False,,,,,,,,,
main/spectral_subtraction,codes/chapters/ch10/audio/spectral_floor04.wav,fb0fb0264e4ccf68b080f0e94a6c5a2a2eab12ed6927cd127b2b3a39c7234047,1,2.0,not_run,,,,,,False,,,,,,,,,
main/spectral_subtraction,codes/chapters/ch10/audio/spectral_floor00.wav,cf98064afe9f008b3c6c321dd2697e2c6564eec6e1a7bc935a51aee79f105af1,1,2.0,not_run,,,,,,False,,,,,,,,,
main/math_block,codes/chapters/appendix_a/audio/math_block_dry.wav,6f311e7309d9d5315f018cbf23e6af2ab753a12076679d1f7599bf96bd2a59e9,1,2.0,not_run,,,,,,False,,,,,,,,,
main/math_block,codes/chapters/appendix_a/audio/math_block_linear.wav,1547c82c616671561822db74046bf254b12e272fa9dbb8f9c0a47b46a7312c24,1,2.0,not_run,,,,,,False,,,,,,,,,
main/math_block,codes/chapters/appendix_a/audio/math_block_circular.wav,db4757fdf23be0d5d5e3ffd141104849bf855aef05959e8b7e0c08d435a46656,1,2.0,not_run,,,,,,False,,,,,,,,,
codes/chapters/appendix_a/weighted_audio,codes/chapters/appendix_a/weighted_audio/weighted_target.wav,386017860cfdb3929a9db6667145230f3094f60dbabfc121f6453c2e95ca3c0a,1,2.0,not_run,,,,,,False,,,,,,,,,
codes/chapters/appendix_a/weighted_audio,codes/chapters/appendix_a/weighted_audio/weighted_array.wav,91c68754d22478c33323df43d652e246fa256560549f2eac32b8ad1bcebcb095,2,2.0,not_run,,,,,,False,,,,,,,,,
codes/chapters/appendix_a/weighted_audio,codes/chapters/appendix_a/weighted_audio/weighted_ols.wav,81f8792a02f97990e2365947b6f682a386a667b564d92fccef5023c6f1d34ef1,1,2.0,not_run,,,,,,False,,,,,,,,,
codes/chapters/appendix_a/weighted_audio,codes/chapters/appendix_a/weighted_audio/weighted_gls.wav,399cfc5dfa43b72c2ccf53654ed902cf62588ca6b9e79457df70201ffbbfa448,1,2.0,not_run,,,,,,False,,,,,,,,,
codes/chapters/appendix_a/weighted_audio,codes/chapters/appendix_a/weighted_audio/weighted_reversed.wav,be55808a383aff0e3d490d0d0e4d21350dc339041eba6d9d98d6a26538c85054,1,2.0,not_run,,,,,,False,,,,,,,,,
codes/chapters/appendix_b/response_audio,codes/chapters/appendix_b/response_audio/response_source.wav,2e6ed00aba996b044a2e3e05725543c95117234451b98b63c6ed3f6c4569faca,1,2.000125,not_run,,,,,,False,,,,,,,,,
codes/chapters/appendix_b/response_audio,codes/chapters/appendix_b/response_audio/response_reflection_a.wav,8ff79b5a81279ab78134e6a7a69ea6ee63ba1d7f0798e82013f273b229fcf888,1,2.000125,not_run,,,,,,False,,,,,,,,,
codes/chapters/appendix_b/response_audio,codes/chapters/appendix_b/response_audio/response_full_a.wav,cd0a13907890478ef0c99601d76088132a74f5d43f663af79f424b61d97bc371,1,2.000125,not_run,,,,,,False,,,,,,,,,
codes/chapters/appendix_b/response_audio,codes/chapters/appendix_b/response_audio/response_reflection_b.wav,ff5d2a6e697c2dff95ae31b181a543bbfc479eea0f0a575f26cd9b6c1f90850d,1,2.000125,not_run,,,,,,False,,,,,,,,,
codes/chapters/appendix_b/response_audio,codes/chapters/appendix_b/response_audio/response_full_b.wav,b8d37dd5e0d63e25404c691b6ecf1149e19f5c74592f3e4cfad08deeacd6c122,1,2.000125,not_run,,,,,,False,,,,,,,,,
codes/chapters/appendix_b/room_audio,codes/chapters/appendix_b/room_audio/fixed_near_left_source.wav,b9959b4c530c25d5051ee7b392665190780bf11e3e65fca6db017ebca28d8279,1,1.0,not_run,,,,,,False,,,,,,,,,
codes/chapters/appendix_b/room_audio,codes/chapters/appendix_b/room_audio/fixed_near_left_full.wav,a19a86e4d001834d7963a5f04a2017a9da68c88e7987128cbfbd322adf7604f6,4,2.4060625,not_run,,,,,,False,,,,,,,,,
codes/chapters/appendix_b/room_audio,codes/chapters/appendix_b/room_audio/fixed_near_left_direct.wav,a9fe3258c83c065369d53807666ee3152b0155fdbe5c18df96bb1aac0112f83f,4,2.4060625,not_run,,,,,,False,,,,,,,,,
codes/chapters/appendix_b/room_audio,codes/chapters/appendix_b/room_audio/fixed_near_right_source.wav,02334850c6df9bad91c9cf3238002335d42975d4cc482f5cdc1a92dc51b6d46d,1,1.0,not_run,,,,,,False,,,,,,,,,
codes/chapters/appendix_b/room_audio,codes/chapters/appendix_b/room_audio/fixed_near_right_full.wav,30f060a8b27ca9a58c982df92bb2cab613cadd20ea2dfa53886081d33771ba8a,4,2.4060625,not_run,,,,,,False,,,,,,,,,
codes/chapters/appendix_b/room_audio,codes/chapters/appendix_b/room_audio/fixed_near_right_direct.wav,9000bb2aafd07cdaa2dec4d54de55071540bf11e7629c8f5c49ddd1622061480,4,2.4060625,not_run,,,,,,False,,,,,,,,,
codes/chapters/appendix_b/room_audio,codes/chapters/appendix_b/room_audio/fixed_far_left_source.wav,4e8ae9185de24749ebedfcdaab0db04682cf430484a6e716a130312135628ae6,1,1.0,not_run,,,,,,False,,,,,,,,,
codes/chapters/appendix_b/room_audio,codes/chapters/appendix_b/room_audio/fixed_far_left_full.wav,62d85dbf77df0af27e6ce67e505ed9290b38a72d2953a0ebe41655a7755381a5,4,2.40825,not_run,,,,,,False,,,,,,,,,
codes/chapters/appendix_b/room_audio,codes/chapters/appendix_b/room_audio/fixed_far_left_direct.wav,f72bb7aa3fbd23d29d404f6c045f3537e95de957aac017234daed00c87013e4a,4,2.40825,not_run,,,,,,False,,,,,,,,,
codes/chapters/appendix_b/room_audio,codes/chapters/appendix_b/room_audio/fixed_far_right_source.wav,98a9c2b66a93aee06a7766c617a7b741e0f0af185f947482367a33013fc49dbb,1,1.0,not_run,,,,,,False,,,,,,,,,
codes/chapters/appendix_b/room_audio,codes/chapters/appendix_b/room_audio/fixed_far_right_full.wav,0266ee0f6e72ecead6aec3c7b5dbfa1df1af370c2368878891c5c9a1126aa647,4,2.40825,not_run,,,,,,False,,,,,,,,,
codes/chapters/appendix_b/room_audio,codes/chapters/appendix_b/room_audio/fixed_far_right_direct.wav,80af5652564d75ee2c82ba9593ffa0dcaa765d256f8101030df8e7097d93a262,4,2.40825,not_run,,,,,,False,,,,,,,,,
codes/chapters/appendix_b/room_audio,codes/chapters/appendix_b/room_audio/seeded_1_source.wav,a917bd7f29074e78a39888d3cf9b8bef7890082989285279d38bf81b7777bb48,1,1.0,not_run,,,,,,False,,,,,,,,,
codes/chapters/appendix_b/room_audio,codes/chapters/appendix_b/room_audio/seeded_1_full.wav,e86224265cdf01d0e7dc356969020c6fa500f8b29298578cb4223d2224673659,4,2.4066875,not_run,,,,,,False,,,,,,,,,
codes/chapters/appendix_b/room_audio,codes/chapters/appendix_b/room_audio/seeded_1_direct.wav,9e9a3cdd9eeaa3fa5b4bb67144a19b382f597a715488acb1d1a6dbaad3298685,4,2.4066875,not_run,,,,,,False,,,,,,,,,
codes/chapters/appendix_b/room_audio,codes/chapters/appendix_b/room_audio/seeded_2_source.wav,258598f2af81f3d46503a0879895a643153fd2e619de792d1bb55f22d7a6e0c2,1,1.0,not_run,,,,,,False,,,,,,,,,
codes/chapters/appendix_b/room_audio,codes/chapters/appendix_b/room_audio/seeded_2_full.wav,a22cac3ecfa4e1ff169c793f4c96dd78f30d56e5e4212f6fd15726c02df9f37a,4,2.404875,not_run,,,,,,False,,,,,,,,,
codes/chapters/appendix_b/room_audio,codes/chapters/appendix_b/room_audio/seeded_2_direct.wav,a15c7206eb09b0176bc7eb54619b23891606748e9e17ef439aebd10e1019e367,4,2.404875,not_run,,,,,,False,,,,,,,,,
codes/chapters/ch01/binaural_audio,codes/chapters/ch01/binaural_audio/reference.wav,61ac77f0032373336600b474021fba929f7c6a9d422b2a098314269f61c5a01a,2,2.0005,not_run,,,,,,False,,,,,,,,,
codes/chapters/ch01/binaural_audio,codes/chapters/ch01/binaural_audio/itd_only.wav,9a3ac92159e9b78cfafc7409dc030923e21c688a1489a98e2c9dece39d949a4c,2,2.0005,not_run,,,,,,False,,,,,,,,,
codes/chapters/ch01/binaural_audio,codes/chapters/ch01/binaural_audio/ild_only.wav,66d88d41db86235722676d1c6a97599e95479b4ef62bf6d54e75614380d8dd0b,2,2.0005,not_run,,,,,,False,,,,,,,,,
codes/chapters/ch01/binaural_audio,codes/chapters/ch01/binaural_audio/consistent.wav,88568042e34d1f20da4aa454a9cb3e0e2cf6f4d3e712e447475809349928d203,2,2.0005,not_run,,,,,,False,,,,,,,,,
codes/chapters/ch01/binaural_audio,codes/chapters/ch01/binaural_audio/conflicting.wav,1cae2e9c5d16c8deaa646896737a9d36c05d98d098582777649e2a24899a1c62,2,2.0005,not_run,,,,,,False,,,,,,,,,
codes/chapters/ch01/spectral_audio,codes/chapters/ch01/spectral_audio/flat_source.wav,ca68f942d281ba1d83d8d45028a670b5447b85e9dc4134339190bc1632b2c7ef,1,2.0,not_run,,,,,,False,,,,,,,,,
codes/chapters/ch01/spectral_audio,codes/chapters/ch01/spectral_audio/flat_stereo.wav,b30605690bf57ee4841b3ec0c076b66614b3094fc532431c9f992dfe5ab12944,2,2.0000625,not_run,,,,,,False,,,,,,,,,
codes/chapters/ch01/spectral_audio,codes/chapters/ch01/spectral_audio/tilted_source.wav,c6fc0f05c45aef8c62144fcab6c40615fbd72f9a90ab18a09570823fa6735b98,1,2.0,not_run,,,,,,False,,,,,,,,,
codes/chapters/ch01/spectral_audio,codes/chapters/ch01/spectral_audio/tilted_stereo.wav,2df534466fdd9c20b41ada67da684115b2829602c6ee41cc3f2280123092f78a,2,2.0000625,not_run,,,,,,False,,,,,,,,,
codes/chapters/ch02/real_audio,codes/chapters/ch02/real_audio/demand_nriver_16ch_10s.wav,19009b72e803784574cb4bfbc7994c896f93db5de39d6eb8d9727ce5bf644d07,16,10.0,not_run,,,,,,False,,,,,,,,,
codes/chapters/ch02/real_audio,codes/chapters/ch02/real_audio/demand_nriver_ch01_10s.wav,24bbb792aaa2f7061e5cbe485dfd62c6f76fd2cc05f8076a5c67f822269e3e22,1,10.0,not_run,,,,,,False,,,,,,,,,
codes/chapters/ch02/real_audio,codes/chapters/ch02/real_audio/demand_nriver_mean02_10s.wav,01ce0e408fc1b824741c772abd539224f91ba75d6ac0e55bd1bdb7ab5fa597e1,1,10.0,not_run,,,,,,False,,,,,,,,,
codes/chapters/ch02/real_audio,codes/chapters/ch02/real_audio/demand_nriver_mean16_10s.wav,4b12db985ede64e0a49d2c22a60427ceb8e197e04826811a20e45a7a5076a8e3,1,10.0,not_run,,,,,,False,,,,,,,,,
codes/chapters/ch02/stft_audio,codes/chapters/ch02/stft_audio/stft_roundtrip.wav,e6980e94fce9935fc4a0e306e1533c6c307aebd31c47200e2a05008e46363b13,1,2.02,not_run,,,,,,False,,,,,,,,,
codes/chapters/ch02/stft_audio,codes/chapters/ch02/stft_audio/full_convolution.wav,7fcf344a5e7007dcfcdfe043aa9c8b5ed2d67bd75bf3ac295b9f517fceb53051,1,2.02,not_run,,,,,,False,,,,,,,,,
codes/chapters/ch02/stft_audio,codes/chapters/ch02/stft_audio/framewise_mtf.wav,edcd583470390fa7c0c74a3ff79d2e9c025026bcc2d4866b8e8818d7669c7d32,1,2.02,not_run,,,,,,False,,,,,,,,,
codes/chapters/ch02/sweep_audio,codes/chapters/ch02/sweep_audio/sweep_source.wav,54bf20286a57fbbdb41ba4ba05faef3723f669e446f540ec792d1d39f04f0e29,1,2.0,not_run,,,,,,False,,,,,,,,,
codes/chapters/ch02/sweep_audio,codes/chapters/ch02/sweep_audio/sweep_complete.wav,90cb121bc39142ded2b1417a4644639fc336c9495792007040c7595b259ffe91,1,2.01,not_run,,,,,,False,,,,,,,,,
codes/chapters/ch02/sweep_audio,codes/chapters/ch02/sweep_audio/sweep_noisy.wav,325b3d8f1558fff4c9ae1cea14493953d41dc893193517c0ca6616e9fa9f2310,1,2.01,not_run,,,,,,False,,,,,,,,,
codes/chapters/ch02/sweep_audio,codes/chapters/ch02/sweep_audio/sweep_cut.wav,e77e19f786bbc62e22102a9a9ba049d12f8ed4b5279820bb8764d170d8e8c0f5,1,2.01,not_run,,,,,,False,,,,,,,,,
codes/chapters/ch03/baseline_audio,codes/chapters/ch03/baseline_audio/baseline_source.wav,90a53b407e4dc9e59301166a91b084d9681b97803ccde6cd569522d369e402d7,1,2.0,not_run,,,,,,False,,,,,,,,,
codes/chapters/ch03/baseline_audio,codes/chapters/ch03/baseline_audio/baseline_train_px.wav,3af6d723affa215f04f175bec1eecbb8963fe11105823babf76232e7769c30c8,2,2.0,not_run,,,,,,False,,,,,,,,,
codes/chapters/ch03/baseline_audio,codes/chapters/ch03/baseline_audio/baseline_train_nx.wav,70191b35f38bf63f8b60089bff4510da521bc01325f6823050ec86b59b501c3f,2,2.0,not_run,,,,,,False,,,,,,,,,
codes/chapters/ch03/baseline_audio,codes/chapters/ch03/baseline_audio/baseline_train_py.wav,af5364340200e7deabf75f5d1d0b0b73dfc81966326dd50601f170180600e4a2,2,2.0,not_run,,,,,,False,,,,,,,,,
codes/chapters/ch03/baseline_audio,codes/chapters/ch03/baseline_audio/baseline_train_pz.wav,2bd415350e1ccc3a51e39ff468ea885b7cad7a5e7923b1ed9ac1915019653fcb,2,2.0,not_run,,,,,,False,,,,,,,,,
codes/chapters/ch03/baseline_audio,codes/chapters/ch03/baseline_audio/baseline_heldout.wav,78accc01f4a8eb68a4946f2623bef303edec2d766da5c96696cee3953682dfe6,2,2.0,not_run,,,,,,False,,,,,,,,,
codes/chapters/ch03/geometry_audio,codes/chapters/ch03/geometry_audio/geometry_reference.wav,3c8eeb5eb842f6a8de330113fb15c76cee8169d0a5d09c85a02be30a984fb7a1,1,2.0,not_run,,,,,,False,,,,,,,,,
codes/chapters/ch03/geometry_audio,codes/chapters/ch03/geometry_audio/geometry_u.wav,4b3366583709847b314ffc6f2468a3dad719eb4e211ebe5dbc329fbc6dc9cca2,6,2.0,not_run,,,,,,False,,,,,,,,,
codes/chapters/ch03/geometry_audio,codes/chapters/ch03/geometry_audio/geometry_v.wav,e5bf86059a102c25203570bb9643401d2a45cf99d3431f36e271f2c3da81a90b,6,2.0,not_run,,,,,,False,,,,,,,,,
codes/chapters/ch04/focus_audio,codes/chapters/ch04/focus_audio/focus_reference.wav,68db8bf05d924d5d62adaeb645ac79b0920be30b7ea795a51e77c0da4362bced,1,2.0015,not_run,,,,,,False,,,,,,,,,
codes/chapters/ch04/focus_audio,codes/chapters/ch04/focus_audio/focus_delayed_source.wav,08d34c168810b2f5e7ac8c0aa95920b4fdfdd52279d0f78edb6ce55b76c38452,1,2.0015,not_run,,,,,,False,,,,,,,,,
codes/chapters/ch04/focus_audio,codes/chapters/ch04/focus_audio/focus_array.wav,ed053c640509f1b436055b6c0b30e529773d1f86e1f5b6a3f67407e24e5445c7,4,2.0015,not_run,,,,,,False,,,,,,,,,
codes/chapters/ch04/focus_audio,codes/chapters/ch04/focus_audio/focus_known_focused.wav,1bba0f2a5d90aa31657c161943b0c423d500f9bfa433bcff425fa4f9d9bcf2b3,4,2.0015,not_run,,,,,,False,,,,,,,,,
codes/chapters/ch04/reflection_audio,codes/chapters/ch04/reflection_audio/reflection_reference.wav,a38a30500c6c02f99515301a0f1b4f742ebf8ec7b99072ddc815c75ba8149708,1,2.00075,not_run,,,,,,False,,,,,,,,,
codes/chapters/ch04/reflection_audio,codes/chapters/ch04/reflection_audio/reflection_direct.wav,a35bc3a7fe2395878025d6aa5147e54d451c4f580cb3655ac702365b4b3bc79f,2,2.00075,not_run,,,,,,False,,,,,,,,,
codes/chapters/ch04/reflection_audio,codes/chapters/ch04/reflection_audio/reflection_component.wav,a94f6e87a5afaa747e58c956076fdfb4dad134632e7860253ad8cacbc0af5c9a,2,2.00075,not_run,,,,,,False,,,,,,,,,
codes/chapters/ch04/reflection_audio,codes/chapters/ch04/reflection_audio/reflection_mixed.wav,20fdbcbea0b7fbe45ff9a3fbeae6cc4b94b40119daa3829d397c37fbd0efc994,2,2.00075,not_run,,,,,,False,,,,,,,,,
codes/chapters/ch05/derivative_audio,codes/chapters/ch05/derivative_audio/derivative_reference.wav,990b06a74f498b61230a24ae77608d4b58dd827ca76cf62ad62f05890090e699,1,2.000125,not_run,,,,,,False,,,,,,,,,
codes/chapters/ch05/derivative_audio,codes/chapters/ch05/derivative_audio/derivative_array.wav,b317f0ef3eb5ed4959e133bf7c1ae6c69c32af96f65a310224a6653d1f082adb,3,2.000125,not_run,,,,,,False,,,,,,,,,
codes/chapters/ch05/derivative_audio,codes/chapters/ch05/derivative_audio/derivative_single.wav,73edaf765a42eac408cb451fb13a5a1d28f913724c314a24a430d2b6428cb253,1,2.000125,not_run,,,,,,False,,,,,,,,,
codes/chapters/ch05/derivative_audio,codes/chapters/ch05/derivative_audio/derivative_constrained.wav,7ba5de2713136a819ab5f34ea63510ed2022c16b3f117aa08b1224ea430e28f2,1,2.000125,not_run,,,,,,False,,,,,,,,,
codes/chapters/ch05/phase_audio,codes/chapters/ch05/phase_audio/phase_reference.wav,06e2e84fdf729fee17eecd8191d84a11d585ffb821404d0b6e9471f9a0d02d01,1,2.0,not_run,,,,,,False,,,,,,,,,
codes/chapters/ch05/phase_audio,codes/chapters/ch05/phase_audio/phase_flip.wav,a87c7abf8dc06d3ee2acbce4ac5447a9568c2e4ce9354eeb5a4acc4eed0a0645,1,2.0,not_run,,,,,,False,,,,,,,,,
codes/chapters/ch05/phase_audio,codes/chapters/ch05/phase_audio/phase_quadrature.wav,253cd8ac5d91daf0099cbab1459b302baa78f717566d7a9b8cbce3f69c1fb3d3,1,2.0,not_run,,,,,,False,,,,,,,,,
codes/chapters/ch06/apa_audio,codes/chapters/ch06/apa_audio/apa_reference.wav,ba10faeadcbe7dfac76312af5990bac33a74d710403c49daf502c7efbc390325,1,2.0008125,not_run,,,,,,False,,,,,,,,,
codes/chapters/ch06/apa_audio,codes/chapters/ch06/apa_audio/apa_true_echo.wav,1b733db086f494371bda013cc04fa1b59e935bf3cad497e06b5fd8449cd30c47,1,2.0008125,not_run,,,,,,False,,,,,,,,,
codes/chapters/ch06/apa_audio,codes/chapters/ch06/apa_audio/apa_microphone.wav,0e1c1cea1ace297dd09f546c500fe58677d27ad13ebdba40676cd943d3b85436,1,2.0008125,not_run,,,,,,False,,,,,,,,,
codes/chapters/ch06/apa_audio,codes/chapters/ch06/apa_audio/apa_nlms_residual.wav,56571beb0248d06b801c1dfd6ecd93881b051dfac66dfdef61d0bde40271093b,1,2.0008125,not_run,,,,,,False,,,,,,,,,
codes/chapters/ch06/apa_audio,codes/chapters/ch06/apa_audio/apa_apa2_residual.wav,00e2889c307b9df1fc806c43eed501f7806ab393d4b6daff5cae1f1c1d91c251,1,2.0008125,not_run,,,,,,False,,,,,,,,,
codes/chapters/ch06/apa_audio,codes/chapters/ch06/apa_audio/apa_apa4_residual.wav,60dc29f4c21d28157b75e12ddb17b4f3b5cbe83ad067737357faaaf68225f201,1,2.0008125,not_run,,,,,,False,,,,,,,,,
codes/chapters/ch06/reference_audio,codes/chapters/ch06/reference_audio/reference_early.wav,93de05321a4ed50523ab597d785b79636552edc0e5ee349b266d90a3737cce30,1,2.1,not_run,,,,,,False,,,,,,,,,
codes/chapters/ch06/reference_audio,codes/chapters/ch06/reference_audio/reference_late.wav,6eb5f90e33ef245250ebf4d2c297248f868ddfd2826124eb13d59448ea3015cf,1,2.1,not_run,,,,,,False,,,,,,,,,
codes/chapters/ch06/reference_audio,codes/chapters/ch06/reference_audio/reference_echo.wav,d0b9fa4fb3bb93b0e5393a5636cc57bbf829eb6551884aa3ecff0b5c8d76f774,1,2.1,not_run,,,,,,False,,,,,,,,,
codes/chapters/ch06/reference_audio,codes/chapters/ch06/reference_audio/reference_early_residual.wav,8358c351bacca37c98fdee1dc2ce2da10e85894efb2be33d7140e799dd0b7865,1,2.1,not_run,,,,,,False,,,,,,,,,
codes/chapters/ch06/reference_audio,codes/chapters/ch06/reference_audio/reference_wrong_gain_residual.wav,f3bdd381301ab70bdc2933de37356944b0ad0b404df7e04c987506c9d10bd04f,1,2.1,not_run,,,,,,False,,,,,,,,,
codes/chapters/ch06/reference_audio,codes/chapters/ch06/reference_audio/reference_late_residual.wav,0ae8454b4fbe6a2da2c2d7eef79c663d9100c3fe2d154792a326db4857418abe,1,2.1,not_run,,,,,,False,,,,,,,,,
codes/chapters/ch07/delay_audio,codes/chapters/ch07/delay_audio/delay_reference.wav,1f82d209964acc2309ed357f424272068881dfd4178f4524220921edd90277cd,1,2.064,not_run,,,,,,False,,,,,,,,,
codes/chapters/ch07/delay_audio,codes/chapters/ch07/delay_audio/delay_array.wav,e6efaee6e75ce6ecf326f9aef7dffcc77fa7e0305ea3593b6b5436d1028258b0,2,2.064,not_run,,,,,,False,,,,,,,,,
codes/chapters/ch07/delay_audio,codes/chapters/ch07/delay_audio/delay_common_history.wav,1f82d209964acc2309ed357f424272068881dfd4178f4524220921edd90277cd,1,2.064,not_run,,,,,,False,,,,,,,,,
codes/chapters/ch07/delay_audio,codes/chapters/ch07/delay_audio/delay_aligned_history.wav,d636abba48662e4f4d4d649875ba61b44692ea3018356edaa8578c4f77f60afa,1,2.064,not_run,,,,,,False,,,,,,,,,
codes/chapters/ch07/delay_audio,codes/chapters/ch07/delay_audio/delay_common_residual.wav,621050576a29e3f64c0412435fa5ecc06a5411ea2726eecbb18ffea2cd5d69ce,1,2.064,not_run,,,,,,False,,,,,,,,,
codes/chapters/ch07/delay_audio,codes/chapters/ch07/delay_audio/delay_aligned_residual.wav,1f82d209964acc2309ed357f424272068881dfd4178f4524220921edd90277cd,1,2.064,not_run,,,,,,False,,,,,,,,,
codes/chapters/ch07/mint_audio,codes/chapters/ch07/mint_audio/mint_reference.wav,6fbff74f0078355849806df4ea8b85420db59a5c66927bf60e5f0e532ea576df,1,2.032,not_run,,,,,,False,,,,,,,,,
codes/chapters/ch07/mint_audio,codes/chapters/ch07/mint_audio/mint_well_array.wav,1ce83e7840cf2a0ee0daf5249e5fc396f67f8784581b4853cab8b6acf676ff0c,2,2.032,not_run,,,,,,False,,,,,,,,,
codes/chapters/ch07/mint_audio,codes/chapters/ch07/mint_audio/mint_near_array.wav,5a4f135b897ba4a0c8cd11b97ce5c72f671282a172373a1e7d6db3b941642c83,2,2.032,not_run,,,,,,False,,,,,,,,,
codes/chapters/ch07/mint_audio,codes/chapters/ch07/mint_audio/mint_well_exact.wav,732a943ea0150bae83bcbf87ba209503df1ae3439a4f1c5ebf56a3638fa42e37,1,2.032,not_run,,,,,,False,,,,,,,,,
codes/chapters/ch07/mint_audio,codes/chapters/ch07/mint_audio/mint_near_exact.wav,b077695dfa56db5f1762857c8962c1da5fa644f16cce0c6dc5c3eb0fe9ae3ba1,1,2.032,not_run,,,,,,False,,,,,,,,,
codes/chapters/ch07/mint_audio,codes/chapters/ch07/mint_audio/mint_near_regularized.wav,bc149b436ea6366e8f64cfbe5df804a0403828431a8ff71b4269e48d0a85f855,1,2.032,not_run,,,,,,False,,,,,,,,,
codes/chapters/ch08/css_audio,codes/chapters/ch08/css_audio/css_reference.wav,c1c6e0178745c9244dd8ed952a80ddf0b57215b5d5631486319f6d6bfa6c1181,2,2.0,not_run,,,,,,False,,,,,,,,,
codes/chapters/ch08/css_audio,codes/chapters/ch08/css_audio/css_naive.wav,07900ed65cbcedc9054ef3e7c0366344ba0ff7b07965851d0619fbfa81be9433,2,2.0,not_run,,,,,,False,,,,,,,,,
codes/chapters/ch08/css_audio,codes/chapters/ch08/css_audio/css_polarity.wav,6825867edc8913c83caaf09c68f34c891d8eb1a9c363cb9e33408f3842af1bbc,2,2.0,not_run,,,,,,False,,,,,,,,,
codes/chapters/ch08/css_audio,codes/chapters/ch08/css_audio/css_corrected.wav,c1c6e0178745c9244dd8ed952a80ddf0b57215b5d5631486319f6d6bfa6c1181,2,2.0,not_run,,,,,,False,,,,,,,,,
codes/chapters/ch08/gss_audio,codes/chapters/ch08/gss_audio/source_1.wav,6e3333c7dc244d2a09d9342dd9df0fd76ae35ef1cfbcd0d5f1637a0e4a366644,1,2.0,not_run,,,,,,False,,,,,,,,,
codes/chapters/ch08/gss_audio,codes/chapters/ch08/gss_audio/source_2.wav,82d7c5b07a588fbd7a1dff6223453cf4cc7490e8dca4c22c1196b5692907f600,1,2.0,not_run,,,,,,False,,,,,,,,,
codes/chapters/ch08/gss_audio,codes/chapters/ch08/gss_audio/mixture.wav,2e826e6f4b66f8e33d56c045da35cc937549cbf6d0124bfbb779079a273aec5b,2,2.0,not_run,,,,,,False,,,,,,,,,
codes/chapters/ch08/gss_audio,codes/chapters/ch08/gss_audio/enhanced_correct.wav,13e818538c51c00296c8a04682d9903c09c3e0495b357e57d5994a70134da567,1,2.0,not_run,,,,,,False,,,,,,,,,
codes/chapters/ch08/gss_audio,codes/chapters/ch08/gss_audio/enhanced_missed.wav,ebfad9f73fdf061140f04917e1449b1d47187728bccba3c9fe332a60901ee247,1,2.0,not_run,,,,,,False,,,,,,,,,
codes/chapters/ch08/mask_audio,codes/chapters/ch08/mask_audio/mask_target.wav,57d30b971c104f48635ac05774ace4b7026cb68f6643afcf23811e19a098a82a,1,2.0,not_run,,,,,,False,,,,,,,,,
codes/chapters/ch08/mask_audio,codes/chapters/ch08/mask_audio/mask_other.wav,e84e0d43ba69931d8bcfd40f51511a18f4ad7759908a83d49bd1c15059cd54d6,1,2.0,not_run,,,,,,False,,,,,,,,,
codes/chapters/ch08/mask_audio,codes/chapters/ch08/mask_audio/mask_mixture.wav,b4e0c22f45ad961a4f3a7497c4c20d69daf781bf7958f2e8fcc3e655b2f2cf3a,1,2.0,not_run,,,,,,False,,,,,,,,,
codes/chapters/ch08/mask_audio,codes/chapters/ch08/mask_audio/mask_bounded_real.wav,14fcd26a611b1363fc961b745acaad987a4adba7eb280c10040407c63e773994,1,2.0,not_run,,,,,,False,,,,,,,,,
codes/chapters/ch08/mask_audio,codes/chapters/ch08/mask_audio/mask_unbounded_real.wav,3a9f824f461c3facccaff5e9679309fac87ce0d1998ea3d4de9dacac49eb6b01,1,2.0,not_run,,,,,,False,,,,,,,,,
codes/chapters/ch08/mask_audio,codes/chapters/ch08/mask_audio/mask_complex_oracle.wav,57d30b971c104f48635ac05774ace4b7026cb68f6643afcf23811e19a098a82a,1,2.0,not_run,,,,,,False,,,,,,,,,
codes/chapters/ch09/moving_audio,codes/chapters/ch09/moving_audio/source.wav,d9366325af48a8eb0752ff69131b92ba7032208144aec785a4a01433fcfd48e4,1,2.0,not_run,,,,,,False,,,,,,,,,
codes/chapters/ch09/moving_audio,codes/chapters/ch09/moving_audio/static_array.wav,d8800767148449704afd1f25c598023f27a60a4445ec686e77a84b0162f9b1f2,2,2.0,not_run,,,,,,False,,,,,,,,,
codes/chapters/ch09/moving_audio,codes/chapters/ch09/moving_audio/moving_array.wav,fef25b5d5cab1e16278cffedd4202503fe88ea405babba66cd0e4c21219f576b,2,2.0,not_run,,,,,,False,,,,,,,,,
codes/chapters/ch09/tracking_audio,codes/chapters/ch09/tracking_audio/source.wav,a0720d594ebcd089305c83dcad5da694a8c82134592b02de4eabf0fd464b8d5e,1,2.0,not_run,,,,,,False,,,,,,,,,
codes/chapters/ch09/tracking_audio,codes/chapters/ch09/tracking_audio/array_noisy.wav,5b53f0f4e44df1ef62f86a540bd423a375ba15c7215f60bcada3e8e53a2fcf12,2,2.0,not_run,,,,,,False,,,,,,,,,
codes/chapters/ch10/channel_audio,codes/chapters/ch10/channel_audio/channel_reference.wav,e1edd0f7fc1d7008986c41128b6f81b5bbbb5258267522cc7d2186375b54726e,1,2.0,not_run,,,,,,False,,,,,,,,,
codes/chapters/ch10/channel_audio,codes/chapters/ch10/channel_audio/channel_healthy_array.wav,5558bd155a08a4edc519c4f4623066a9faf978e018d4e498700bbcde7b643d29,3,2.0,not_run,,,,,,False,,,,,,,,,
codes/chapters/ch10/channel_audio,codes/chapters/ch10/channel_audio/channel_faulty_array.wav,0335b0a4ea8e7e18a9fcd1d356412184a6435e050e1fe2c6605a2f1ca16e2fde,3,2.0,not_run,,,,,,False,,,,,,,,,
codes/chapters/ch10/channel_audio,codes/chapters/ch10/channel_audio/channel_healthy_output.wav,1a95e19a4a455ae4dfe4f990d0c697e9f5e2453fb657eb6228ff3b33aaa843b0,1,2.0,not_run,,,,,,False,,,,,,,,,
codes/chapters/ch10/channel_audio,codes/chapters/ch10/channel_audio/channel_stale_output.wav,99689f241f4d4f81cf2c19355cb2da7a10fa64cd317ba305d1ed4ad5acd9f6f9,1,2.0,not_run,,,,,,False,,,,,,,,,
codes/chapters/ch10/channel_audio,codes/chapters/ch10/channel_audio/channel_recomputed_output.wav,35285ba307f92e4928efc4d1225a87f65b3afec8f2ab389ab1d52392870f9d27,1,2.0,not_run,,,,,,False,,,,,,,,,
codes/chapters/ch10/noise_audio,codes/chapters/ch10/noise_audio/noise_reference.wav,932cc4eb6b32f45f842d73930a7cfecf35a54ec9c19e6bbea1da594bd891bf8f,1,2.0,not_run,,,,,,False,,,,,,,,,
codes/chapters/ch10/noise_audio,codes/chapters/ch10/noise_audio/noise_component.wav,aac6b0b9d57a2c36e18e5528d02571fa3c0da6bc110dfc1f8ffecf6ac043a1b2,1,2.0,not_run,,,,,,False,,,,,,,,,
codes/chapters/ch10/noise_audio,codes/chapters/ch10/noise_audio/noise_mixture.wav,6e254769eaab5c6dd01fd91948ce53eb369772376fe11b4649bdcbda7d8ee9e9,1,2.0,not_run,,,,,,False,,,,,,,,,
codes/chapters/ch10/noise_audio,codes/chapters/ch10/noise_audio/noise_fixed.wav,9b9e938c3595394aebdbf40cb8eede97fdda99c55119d87e66e1447a13e94f79,1,2.0,not_run,,,,,,False,,,,,,,,,
codes/chapters/ch10/noise_audio,codes/chapters/ch10/noise_audio/noise_polluted.wav,07672e0e54fb3c4fe4b6e4819819429c409727686596e32a8b3a78ad2b1cb8d3,1,2.0,not_run,,,,,,False,,,,,,,,,
codes/chapters/ch10/noise_audio,codes/chapters/ch10/noise_audio/noise_known_variance.wav,476508b544c641db550dfa5603b1682c435ac0d97550503844c33be7666c0ff7,1,2.0,not_run,,,,,,False,,,,,,,,,
codes/chapters/ch11/scenario_audio,codes/chapters/ch11/scenario_audio/selection_single_target.wav,f66ddc6ff710247910f412f37252cc26d83bb4cbcedcbc825c751749a1356c16,1,2.0005,not_run,,,,,,False,,,,,,,,,
codes/chapters/ch11/scenario_audio,codes/chapters/ch11/scenario_audio/selection_single_mixture.wav,cc8e031d68a1ae1e829d30286d3a5c008894a3ee494c4b70596db49c8950752b,1,2.0005,not_run,,,,,,False,,,,,,,,,
codes/chapters/ch11/scenario_audio,codes/chapters/ch11/scenario_audio/selection_single_fir3.wav,47d901ab94ea72cc9b8ea0c3aa4cdfa6bb790c3629c7555752c3b2198308d7d6,1,2.0005,not_run,,,,,,False,,,,,,,,,
codes/chapters/ch11/scenario_audio,codes/chapters/ch11/scenario_audio/selection_single_fir9.wav,13bd16f09f64724dcc362bf397b226a578ee8a26288faf0263193a71246b93fa,1,2.0005,not_run,,,,,,False,,,,,,,,,
codes/chapters/ch11/scenario_audio,codes/chapters/ch11/scenario_audio/selection_dual_target.wav,11a5d779ac3658b21dcd317f78baac09c5d375c7467b8d64e0088e0a25ebb714,1,2.0005,not_run,,,,,,False,,,,,,,,,
codes/chapters/ch11/scenario_audio,codes/chapters/ch11/scenario_audio/selection_dual_mixture.wav,603f33b48f04c562ede208d173ecb66adcaa6f4a754f633ab8d463cc413494a9,1,2.0005,not_run,,,,,,False,,,,,,,,,
codes/chapters/ch11/scenario_audio,codes/chapters/ch11/scenario_audio/selection_dual_fir3.wav,5a26e2314d0e15f1ab8c740e9429a6e855aba6a8ec5bb3d0895d354e7732f17d,1,2.0005,not_run,,,,,,False,,,,,,,,,
codes/chapters/ch11/scenario_audio,codes/chapters/ch11/scenario_audio/selection_dual_fir9.wav,9fe490d9d6b81f2145b96ed6c7264e6277fb13281c15fca71c41df52d92b26b9,1,2.0005,not_run,,,,,,False,,,,,,,,,
codes/chapters/ch12/imaging_audio,codes/chapters/ch12/imaging_audio/source_1.wav,245d3a01d0a917299eaa1de02bc84490cdb849de8ac68a350c4412b2a945cce4,1,2.000166666666667,not_run,,,,,,False,,,,,,,,,
codes/chapters/ch12/imaging_audio,codes/chapters/ch12/imaging_audio/source_2_phase_code.wav,ada016e9c52aa0c7c16b8bc37b03ff4f8c3cd3b72ff2d86279b62a6e86d5b801,1,2.000166666666667,not_run,,,,,,False,,,,,,,,,
codes/chapters/ch12/imaging_audio,codes/chapters/ch12/imaging_audio/source_2_coherent.wav,cdab938af936f5a68f8f8987b88450897a695b8bd17ef6737177b80ba5a81cf9,1,2.000166666666667,not_run,,,,,,False,,,,,,,,,
codes/chapters/ch12/imaging_audio,codes/chapters/ch12/imaging_audio/array_phase_code.wav,8113e8d137c87effa74dff0cf0ccb9ff829ef835097d3a16c77660a61c3bba0b,2,2.000166666666667,not_run,,,,,,False,,,,,,,,,
codes/chapters/ch12/imaging_audio,codes/chapters/ch12/imaging_audio/array_coherent.wav,1166d4e36d85e75183e30b0fbdc0e405a17ab2c15ab73c3ea356eab354f303c0,2,2.000166666666667,not_run,,,,,,False,,,,,,,,,
codes/chapters/ch13/distributed_audio,codes/chapters/ch13/distributed_audio/reference_node1.wav,42ed771ce7fe355373c54004b3bdcfabb290387c89d9f1794706032bbc8a271a,1,2.0,not_run,,,,,,False,,,,,,,,,
codes/chapters/ch13/distributed_audio,codes/chapters/ch13/distributed_audio/reference_node2.wav,9c2134d4ed8df05cb04b42d0079d35d6bd56ddcd1458f13809d507616ef815cf,1,2.0,not_run,,,,,,False,,,,,,,,,
codes/chapters/ch13/distributed_audio,codes/chapters/ch13/distributed_audio/array_white.wav,5f580c8e7797a0113a0646211539bfe36fdf954c31f42c287f1d42b67aa1c177,4,2.0,not_run,,,,,,False,,,,,,,,,
codes/chapters/ch13/distributed_audio,codes/chapters/ch13/distributed_audio/array_correlated.wav,4ed199c0595bc52b821e0f2e8fc177ea97438d1e247e01766cf061247b74b587,4,2.0,not_run,,,,,,False,,,,,,,,,
codes/chapters/ch13/distributed_audio,codes/chapters/ch13/distributed_audio/local_node1.wav,612e039c61539916b11bcc20885850596e93270a4ba87922140f8e2f1f6db3f9,1,2.0,not_run,,,,,,False,,,,,,,,,
codes/chapters/ch13/distributed_audio,codes/chapters/ch13/distributed_audio/central_white.wav,1a8bf8de662503ccae74f0c3eee0efe06e95a9e764e4bbefc9b1df934148e63d,1,2.0,not_run,,,,,,False,,,,,,,,,
codes/chapters/ch13/distributed_audio,codes/chapters/ch13/distributed_audio/compressed_white.wav,1a8bf8de662503ccae74f0c3eee0efe06e95a9e764e4bbefc9b1df934148e63d,1,2.0,not_run,,,,,,False,,,,,,,,,
codes/chapters/ch13/distributed_audio,codes/chapters/ch13/distributed_audio/central_correlated.wav,872444c0c6e5d6f9b5f7ad66846d0610f3931ae60ca37bdfb09cf3faf6262427,1,2.0,not_run,,,,,,False,,,,,,,,,
codes/chapters/ch13/distributed_audio,codes/chapters/ch13/distributed_audio/compressed_correlated.wav,872444c0c6e5d6f9b5f7ad66846d0610f3931ae60ca37bdfb09cf3faf6262427,1,2.0,not_run,,,,,,False,,,,,,,,,
codes/chapters/ch13/distributed_audio,codes/chapters/ch13/distributed_audio/stale_correlated.wav,d3096687601ec21c9a410317a92cf6f0702cefeeb8f55798e5b7d10e9ce9aacd,1,2.0,not_run,,,,,,False,,,,,,,,,
codes/chapters/ch13/distributed_audio,codes/chapters/ch13/distributed_audio/central_node2_correlated.wav,7b18f118a16c2c1a699992bfa806f712623ccd90a3b5b980a4e97dd0bdd399ab,1,2.0,not_run,,,,,,False,,,,,,,,,
codes/chapters/ch13/distributed_audio,codes/chapters/ch13/distributed_audio/remote_scalar_white.wav,7cd7e06f5ff2bec6e749657bf79113e4abd34c6df51bdb873e73f76a7b736a08,1,2.0,not_run,,,,,,False,,,,,,,,,
codes/chapters/ch13/distributed_audio,codes/chapters/ch13/distributed_audio/transport_pcm16_white.wav,e754bae045bed66b43e1ab14e7b5f4145b1df15649a90bae3af24733cb3333a9,1,2.0,not_run,,,,,,False,,,,,,,,,
codes/chapters/ch13/distributed_audio,codes/chapters/ch13/distributed_audio/clock_misaligned_white.wav,8186a40c90e259a5a6de20343dd8395dd5d70b48f6673c27715f8790f3e2dfde,1,2.0,not_run,,,,,,False,,,,,,,,,
codes/chapters/ch13/distributed_audio,codes/chapters/ch13/distributed_audio/clock_linear_corrected_white.wav,ff117a8101e9aa0184e2f00fe62eb96937423bd9ebd337310c3e5b19244d7ca6,1,2.0,not_run,,,,,,False,,,,,,,,,
codes/chapters/ch13/distributed_audio,codes/chapters/ch13/distributed_audio/packet_zerofill_white.wav,06c260adae130e48fdc27f3ef3e07891217afceb446e700312a7ee0160e45101,1,2.0,not_run,,,,,,False,,,,,,,,,
codes/chapters/ch13/distributed_audio,codes/chapters/ch13/distributed_audio/packet_local_fallback_white.wav,49d1013b3db03662b08f710d3b91ad19dafda7796fbed5b6840bbbf9eeb4f1c4,1,2.0,not_run,,,,,,False,,,,,,,,,
